{
  "hash": "2c188e8e",
  "configHash": "deb15372",
  "lockfileHash": "7d5e25dc",
  "browserHash": "04439864",
  "optimized": {
    "@angular/common": {
      "src": "../../../../../../node_modules/@angular/common/fesm2022/common.mjs",
      "file": "@angular_common.js",
      "fileHash": "993ad45c",
      "needsInterop": false
    },
    "@angular/core": {
      "src": "../../../../../../node_modules/@angular/core/fesm2022/core.mjs",
      "file": "@angular_core.js",
      "fileHash": "c5d9e99c",
      "needsInterop": false
    },
    "@angular/forms": {
      "src": "../../../../../../node_modules/@angular/forms/fesm2022/forms.mjs",
      "file": "@angular_forms.js",
      "fileHash": "f11ca736",
      "needsInterop": false
    },
    "@angular/platform-browser": {
      "src": "../../../../../../node_modules/@angular/platform-browser/fesm2022/platform-browser.mjs",
      "file": "@angular_platform-browser.js",
      "fileHash": "eb679a55",
      "needsInterop": false
    },
    "@angular/router": {
      "src": "../../../../../../node_modules/@angular/router/fesm2022/router.mjs",
      "file": "@angular_router.js",
      "fileHash": "b6e10a0f",
      "needsInterop": false
    },
    "@ionic/angular": {
      "src": "../../../../../../node_modules/@ionic/angular/fesm2022/ionic-angular.mjs",
      "file": "@ionic_angular.js",
      "fileHash": "092837fb",
      "needsInterop": false
    },
    "@ionic/angular/standalone": {
      "src": "../../../../../../node_modules/@ionic/angular/fesm2022/ionic-angular-standalone.mjs",
      "file": "@ionic_angular_standalone.js",
      "fileHash": "a3babdf0",
      "needsInterop": false
    },
    "rxjs": {
      "src": "../../../../../../node_modules/rxjs/dist/esm5/index.js",
      "file": "rxjs.js",
      "fileHash": "a31f32ca",
      "needsInterop": false
    }
  },
  "chunks": {
    "ion-toast.entry-7GJPKKTC": {
      "file": "ion-toast__entry-7GJPKKTC.js"
    },
    "ion-toggle.entry-NMXE2UNE": {
      "file": "ion-toggle__entry-NMXE2UNE.js"
    },
    "swipe-back-Q2MB5TXK": {
      "file": "swipe-back-Q2MB5TXK.js"
    },
    "keyboard-WEB5XV63": {
      "file": "keyboard-WEB5XV63.js"
    },
    "index7-4U6BCB4X": {
      "file": "index7-4U6BCB4X.js"
    },
    "status-tap-SR3VUDLJ": {
      "file": "status-tap-SR3VUDLJ.js"
    },
    "input-shims-Z5PXPNOS": {
      "file": "input-shims-Z5PXPNOS.js"
    },
    "focus-visible-RAFDA6YZ": {
      "file": "focus-visible-RAFDA6YZ.js"
    },
    "ion-select-modal.entry-PSRTIWZS": {
      "file": "ion-select-modal__entry-PSRTIWZS.js"
    },
    "ion-select_3.entry-ALKBV2H5": {
      "file": "ion-select_3__entry-ALKBV2H5.js"
    },
    "ion-spinner.entry-FZE4GMOP": {
      "file": "ion-spinner__entry-FZE4GMOP.js"
    },
    "ion-split-pane.entry-H7XSFVM2": {
      "file": "ion-split-pane__entry-H7XSFVM2.js"
    },
    "ion-tab-bar_2.entry-V3XJW2U5": {
      "file": "ion-tab-bar_2__entry-V3XJW2U5.js"
    },
    "ion-tab_2.entry-T54EHCTO": {
      "file": "ion-tab_2__entry-T54EHCTO.js"
    },
    "ion-text.entry-DZCEQ2R3": {
      "file": "ion-text__entry-DZCEQ2R3.js"
    },
    "ion-textarea.entry-OBLSHAJP": {
      "file": "ion-textarea__entry-OBLSHAJP.js"
    },
    "ion-refresher_2.entry-EPM35GNE": {
      "file": "ion-refresher_2__entry-EPM35GNE.js"
    },
    "chunk-LAL4EDSC": {
      "file": "chunk-LAL4EDSC.js"
    },
    "ion-reorder_2.entry-TZRKGXCW": {
      "file": "ion-reorder_2__entry-TZRKGXCW.js"
    },
    "ion-ripple-effect.entry-4GM54AG2": {
      "file": "ion-ripple-effect__entry-4GM54AG2.js"
    },
    "ion-route_4.entry-6YJDY7RD": {
      "file": "ion-route_4__entry-6YJDY7RD.js"
    },
    "ion-searchbar.entry-T3SRIL7K": {
      "file": "ion-searchbar__entry-T3SRIL7K.js"
    },
    "ion-segment-content.entry-LOEEQUKU": {
      "file": "ion-segment-content__entry-LOEEQUKU.js"
    },
    "ion-segment-view.entry-GHAHL2WH": {
      "file": "ion-segment-view__entry-GHAHL2WH.js"
    },
    "ion-segment_2.entry-O4UZ6ZEQ": {
      "file": "ion-segment_2__entry-O4UZ6ZEQ.js"
    },
    "ion-nav_2.entry-VP2A3IRL": {
      "file": "ion-nav_2__entry-VP2A3IRL.js"
    },
    "ion-picker-column-option.entry-4X5FGUIR": {
      "file": "ion-picker-column-option__entry-4X5FGUIR.js"
    },
    "ion-picker-column.entry-BHHLIV73": {
      "file": "ion-picker-column__entry-BHHLIV73.js"
    },
    "ion-picker.entry-FZ2TFAWJ": {
      "file": "ion-picker__entry-FZ2TFAWJ.js"
    },
    "ion-popover.entry-H2QJC4MN": {
      "file": "ion-popover__entry-H2QJC4MN.js"
    },
    "ion-progress-bar.entry-HL5VHI5W": {
      "file": "ion-progress-bar__entry-HL5VHI5W.js"
    },
    "ion-radio_2.entry-X2JOST5W": {
      "file": "ion-radio_2__entry-X2JOST5W.js"
    },
    "chunk-NTZSRAFL": {
      "file": "chunk-NTZSRAFL.js"
    },
    "ion-range.entry-2WU2KPEI": {
      "file": "ion-range__entry-2WU2KPEI.js"
    },
    "ion-input-otp.entry-AETYDCZY": {
      "file": "ion-input-otp__entry-AETYDCZY.js"
    },
    "ion-input-password-toggle.entry-HNHCBBX4": {
      "file": "ion-input-password-toggle__entry-HNHCBBX4.js"
    },
    "ion-input.entry-RUDGTLZW": {
      "file": "ion-input__entry-RUDGTLZW.js"
    },
    "chunk-HH2EW7ZU": {
      "file": "chunk-HH2EW7ZU.js"
    },
    "chunk-C3LV6A2S": {
      "file": "chunk-C3LV6A2S.js"
    },
    "ion-item-option_3.entry-6N54MV4J": {
      "file": "ion-item-option_3__entry-6N54MV4J.js"
    },
    "chunk-2XH2KON7": {
      "file": "chunk-2XH2KON7.js"
    },
    "ion-item_8.entry-3B3CZSVY": {
      "file": "ion-item_8__entry-3B3CZSVY.js"
    },
    "ion-loading.entry-3GNSD65L": {
      "file": "ion-loading__entry-3GNSD65L.js"
    },
    "ion-menu_3.entry-PKJWIMNS": {
      "file": "ion-menu_3__entry-PKJWIMNS.js"
    },
    "ion-modal.entry-FKRQJXMK": {
      "file": "ion-modal__entry-FKRQJXMK.js"
    },
    "ion-checkbox.entry-L5GUKOQB": {
      "file": "ion-checkbox__entry-L5GUKOQB.js"
    },
    "ion-chip.entry-YGU6PB33": {
      "file": "ion-chip__entry-YGU6PB33.js"
    },
    "ion-col_3.entry-R3RT3GMI": {
      "file": "ion-col_3__entry-R3RT3GMI.js"
    },
    "ion-datetime-button.entry-KXGH2V4P": {
      "file": "ion-datetime-button__entry-KXGH2V4P.js"
    },
    "ion-datetime_3.entry-2RY7AJ6C": {
      "file": "ion-datetime_3__entry-2RY7AJ6C.js"
    },
    "chunk-TZQQIHAK": {
      "file": "chunk-TZQQIHAK.js"
    },
    "ion-fab_3.entry-VCABD3V6": {
      "file": "ion-fab_3__entry-VCABD3V6.js"
    },
    "ion-img.entry-6EQQDZUD": {
      "file": "ion-img__entry-6EQQDZUD.js"
    },
    "ion-infinite-scroll_2.entry-CWE3TSLN": {
      "file": "ion-infinite-scroll_2__entry-CWE3TSLN.js"
    },
    "swipe-back-VdaUzLWy-6FFAKJS7": {
      "file": "swipe-back-VdaUzLWy-6FFAKJS7.js"
    },
    "ion-app_8.entry-U3AEDR6L": {
      "file": "ion-app_8__entry-U3AEDR6L.js"
    },
    "chunk-LZYUMSIH": {
      "file": "chunk-LZYUMSIH.js"
    },
    "chunk-JQCJAYTB": {
      "file": "chunk-JQCJAYTB.js"
    },
    "ion-avatar_3.entry-EHGE7UYU": {
      "file": "ion-avatar_3__entry-EHGE7UYU.js"
    },
    "ion-back-button.entry-YGIX6PVE": {
      "file": "ion-back-button__entry-YGIX6PVE.js"
    },
    "ion-backdrop.entry-55JTEV7S": {
      "file": "ion-backdrop__entry-55JTEV7S.js"
    },
    "ion-breadcrumb_2.entry-YM6BXPXT": {
      "file": "ion-breadcrumb_2__entry-YM6BXPXT.js"
    },
    "ion-button_2.entry-4GLXMSPH": {
      "file": "ion-button_2__entry-4GLXMSPH.js"
    },
    "ion-card_5.entry-RKUJUU3E": {
      "file": "ion-card_5__entry-RKUJUU3E.js"
    },
    "ion-alert.entry-NBGZ5W6V": {
      "file": "ion-alert__entry-NBGZ5W6V.js"
    },
    "ios.transition-BmXtMRXZ-GVCZJCHJ": {
      "file": "ios__transition-BmXtMRXZ-GVCZJCHJ.js"
    },
    "md.transition-CLI683c7-LD7SUVDW": {
      "file": "md__transition-CLI683c7-LD7SUVDW.js"
    },
    "index-CWbP1eJz-YL3NP4LL": {
      "file": "index-CWbP1eJz-YL3NP4LL.js"
    },
    "status-tap-7t9T91bG-VMTPBF2Z": {
      "file": "status-tap-7t9T91bG-VMTPBF2Z.js"
    },
    "input-shims-C3lNp93k-ZHPG3ADE": {
      "file": "input-shims-C3lNp93k-ZHPG3ADE.js"
    },
    "chunk-6B74J2VS": {
      "file": "chunk-6B74J2VS.js"
    },
    "keyboard-ywgs5efA-RGC4J7QV": {
      "file": "keyboard-ywgs5efA-RGC4J7QV.js"
    },
    "chunk-IMWOPQCI": {
      "file": "chunk-IMWOPQCI.js"
    },
    "chunk-RKL5KKQG": {
      "file": "chunk-RKL5KKQG.js"
    },
    "focus-visible-BmVRXR1y-CKCCGQND": {
      "file": "focus-visible-BmVRXR1y-CKCCGQND.js"
    },
    "chunk-TQ5OEMTL": {
      "file": "chunk-TQ5OEMTL.js"
    },
    "ios.transition-XTF4VLMX": {
      "file": "ios__transition-XTF4VLMX.js"
    },
    "md.transition-73R23YVG": {
      "file": "md__transition-73R23YVG.js"
    },
    "index3-XH5GMLWI": {
      "file": "index3-XH5GMLWI.js"
    },
    "hardware-back-button-7L3S7W5E": {
      "file": "hardware-back-button-7L3S7W5E.js"
    },
    "ion-accordion_2.entry-44X4MV4J": {
      "file": "ion-accordion_2__entry-44X4MV4J.js"
    },
    "chunk-N4VCU7WS": {
      "file": "chunk-N4VCU7WS.js"
    },
    "index-CfgBF1SE-IY75CAVR": {
      "file": "index-CfgBF1SE-IY75CAVR.js"
    },
    "hardware-back-button-DcH0BbDp-N6ATZQMP": {
      "file": "hardware-back-button-DcH0BbDp-N6ATZQMP.js"
    },
    "ion-action-sheet.entry-LHZDYTQ6": {
      "file": "ion-action-sheet__entry-LHZDYTQ6.js"
    },
    "chunk-B4Q3FN4K": {
      "file": "chunk-B4Q3FN4K.js"
    },
    "chunk-OQILWA36": {
      "file": "chunk-OQILWA36.js"
    },
    "chunk-O7S5RXOS": {
      "file": "chunk-O7S5RXOS.js"
    },
    "chunk-I7KKGUX3": {
      "file": "chunk-I7KKGUX3.js"
    },
    "chunk-IEDTU36F": {
      "file": "chunk-IEDTU36F.js"
    },
    "chunk-VBX4H6XT": {
      "file": "chunk-VBX4H6XT.js"
    },
    "chunk-HBWWUU6A": {
      "file": "chunk-HBWWUU6A.js"
    },
    "chunk-WPEDG6S4": {
      "file": "chunk-WPEDG6S4.js"
    },
    "chunk-BJXCKR2M": {
      "file": "chunk-BJXCKR2M.js"
    },
    "chunk-SHRSU5IQ": {
      "file": "chunk-SHRSU5IQ.js"
    },
    "chunk-B5BOQERW": {
      "file": "chunk-B5BOQERW.js"
    },
    "chunk-QU34PRIS": {
      "file": "chunk-QU34PRIS.js"
    },
    "chunk-7F6NIWSM": {
      "file": "chunk-7F6NIWSM.js"
    },
    "chunk-WNMQME3Y": {
      "file": "chunk-WNMQME3Y.js"
    },
    "chunk-ZGO2TKYD": {
      "file": "chunk-ZGO2TKYD.js"
    },
    "chunk-LRRXMVX2": {
      "file": "chunk-LRRXMVX2.js"
    },
    "chunk-OWX7YSRF": {
      "file": "chunk-OWX7YSRF.js"
    },
    "chunk-KCQ3EOPE": {
      "file": "chunk-KCQ3EOPE.js"
    },
    "chunk-AM533ZC5": {
      "file": "chunk-AM533ZC5.js"
    },
    "chunk-ETURMIUF": {
      "file": "chunk-ETURMIUF.js"
    },
    "chunk-EUT5B6DW": {
      "file": "chunk-EUT5B6DW.js"
    },
    "chunk-XHHRHLWL": {
      "file": "chunk-XHHRHLWL.js"
    },
    "chunk-M5FIGEAW": {
      "file": "chunk-M5FIGEAW.js"
    },
    "chunk-NFNBLECH": {
      "file": "chunk-NFNBLECH.js"
    },
    "chunk-7Q5HCUSL": {
      "file": "chunk-7Q5HCUSL.js"
    },
    "chunk-ISS2WUYZ": {
      "file": "chunk-ISS2WUYZ.js"
    },
    "chunk-UP64NQH7": {
      "file": "chunk-UP64NQH7.js"
    },
    "chunk-FJS4J3ZQ": {
      "file": "chunk-FJS4J3ZQ.js"
    },
    "chunk-D6YEMTXP": {
      "file": "chunk-D6YEMTXP.js"
    },
    "chunk-BDOIE6HY": {
      "file": "chunk-BDOIE6HY.js"
    },
    "chunk-R4SJUBFW": {
      "file": "chunk-R4SJUBFW.js"
    },
    "chunk-BF4AXLRD": {
      "file": "chunk-BF4AXLRD.js"
    },
    "chunk-UI7XGOQJ": {
      "file": "chunk-UI7XGOQJ.js"
    },
    "chunk-44IZU6OF": {
      "file": "chunk-44IZU6OF.js"
    },
    "chunk-CBIR4FRL": {
      "file": "chunk-CBIR4FRL.js"
    },
    "chunk-BWH4TRS6": {
      "file": "chunk-BWH4TRS6.js"
    },
    "chunk-OM67PJ6C": {
      "file": "chunk-OM67PJ6C.js"
    },
    "chunk-3QAF7K3U": {
      "file": "chunk-3QAF7K3U.js"
    },
    "chunk-D6KAE5EF": {
      "file": "chunk-D6KAE5EF.js"
    },
    "chunk-BZZTE3S7": {
      "file": "chunk-BZZTE3S7.js"
    },
    "chunk-HKGWJUTY": {
      "file": "chunk-HKGWJUTY.js"
    },
    "chunk-ZVATTXSA": {
      "file": "chunk-ZVATTXSA.js"
    }
  }
}